lesson,circuit,initial,gates,basis,shots,seed,exact_p0,count_0,count_1,observed_p0,wilson_low,wilson_high
1. Establish a control,A,0,,Z,1000,1806,1.0,1000,0,1.0,0.996173241514445,1
1. Establish a control,B,0,X,Z,1000,1807,0.0,0,1000,0.0,2.168404344971009e-19,0.0038267584855551234
2. Undo a gate,A,0,,Z,1000,1808,1.0,1000,0,1.0,0.996173241514445,1
2. Undo a gate,B,0,H H,Z,1000,1809,1.0,1000,0,1.0,0.996173241514445,1
3. Find the hidden phase,A,0,H,Z,1000,1810,0.4999999999999999,493,507,0.493,0.46209940740448396,0.5239541672143138
3. Find the hidden phase,B,0,H Z,Z,1000,1811,0.4999999999999999,474,526,0.474,0.4432107820528304,0.5049882093884185
4. Choose a better measurement,A,0,H,X,1000,1812,1.0,1000,0,1.0,0.996173241514445,1
4. Choose a better measurement,B,0,H Z,X,1000,1813,0.0,0,1000,0.0,2.168404344971009e-19,0.0038267584855551234
5. Test gate order,A,0,H X,X,1000,1814,1.0,1000,0,1.0,0.996173241514445,1
5. Test gate order,B,0,X H,X,1000,1815,0.0,0,1000,0.0,2.168404344971009e-19,0.0038267584855551234
6. Recognize global phase,A,+,X Z,X,1000,1816,0.0,0,1000,0.0,2.168404344971009e-19,0.0038267584855551234
6. Recognize global phase,B,+,Z X,X,1000,1817,0.0,0,1000,0.0,2.168404344971009e-19,0.0038267584855551234
7. Look along the Y axis,A,0,H S,Y,1000,1818,1.0,1000,0,1.0,0.996173241514445,1
7. Look along the Y axis,B,0,H S S S,Y,1000,1819,0.0,0,1000,0.0,2.168404344971009e-19,0.0038267584855551234
8. Explore a smaller phase,A,0,H,X,1000,1820,1.0,1000,0,1.0,0.996173241514445,1
8. Explore a smaller phase,B,0,H T,X,1000,1821,0.8535533905932735,852,148,0.852,0.828644950702635,0.8726610113235342
